reference_date,year,state_code,sex_code,age_group,census_basis,population_persons
2021-12-31,2021,01,F,0-17,Census 2011 basis,231520
2021-12-31,2021,01,F,18-29,Census 2011 basis,177946
2021-12-31,2021,01,F,30-44,Census 2011 basis,257935
2021-12-31,2021,01,F,45-64,Census 2011 basis,442983
2021-12-31,2021,01,F,65-74,Census 2011 basis,172194
2021-12-31,2021,01,F,75-84,Census 2011 basis,147114
2021-12-31,2021,01,F,85-89,Census 2011 basis,39876
2021-12-31,2021,01,F,90+,Census 2011 basis,21373
2021-12-31,2021,01,M,0-17,Census 2011 basis,244276
2021-12-31,2021,01,M,18-29,Census 2011 basis,193758
2021-12-31,2021,01,M,30-44,Census 2011 basis,259436
2021-12-31,2021,01,M,45-64,Census 2011 basis,427973
2021-12-31,2021,01,M,65-74,Census 2011 basis,154814
2021-12-31,2021,01,M,75-84,Census 2011 basis,117050
2021-12-31,2021,01,M,85-89,Census 2011 basis,25046
2021-12-31,2021,01,M,90+,Census 2011 basis,8711
2021-12-31,2021,02,F,0-17,Census 2011 basis,153323
2021-12-31,2021,02,F,18-29,Census 2011 basis,143604
2021-12-31,2021,02,F,30-44,Census 2011 basis,213457
2021-12-31,2021,02,F,45-64,Census 2011 basis,244312
2021-12-31,2021,02,F,65-74,Census 2011 basis,84129
2021-12-31,2021,02,F,75-84,Census 2011 basis,74218
2021-12-31,2021,02,F,85-89,Census 2011 basis,21104
2021-12-31,2021,02,F,90+,Census 2011 basis,12106
2021-12-31,2021,02,M,0-17,Census 2011 basis,162547
2021-12-31,2021,02,M,18-29,Census 2011 basis,143351
2021-12-31,2021,02,M,30-44,Census 2011 basis,213140
2021-12-31,2021,02,M,45-64,Census 2011 basis,243663
2021-12-31,2021,02,M,65-74,Census 2011 basis,71931
2021-12-31,2021,02,M,75-84,Census 2011 basis,55761
2021-12-31,2021,02,M,85-89,Census 2011 basis,12391
2021-12-31,2021,02,M,90+,Census 2011 basis,4898
2021-12-31,2021,03,F,0-17,Census 2011 basis,656203
2021-12-31,2021,03,F,18-29,Census 2011 basis,514685
2021-12-31,2021,03,F,30-44,Census 2011 basis,709162
2021-12-31,2021,03,F,45-64,Census 2011 basis,1182388
2021-12-31,2021,03,F,65-74,Census 2011 basis,465773
2021-12-31,2021,03,F,75-84,Census 2011 basis,367565
2021-12-31,2021,03,F,85-89,Census 2011 basis,107836
2021-12-31,2021,03,F,90+,Census 2011 basis,60472
2021-12-31,2021,03,M,0-17,Census 2011 basis,694514
2021-12-31,2021,03,M,18-29,Census 2011 basis,566926
2021-12-31,2021,03,M,30-44,Census 2011 basis,731266
2021-12-31,2021,03,M,45-64,Census 2011 basis,1164790
2021-12-31,2021,03,M,65-74,Census 2011 basis,427734
2021-12-31,2021,03,M,75-84,Census 2011 basis,289054
2021-12-31,2021,03,M,85-89,Census 2011 basis,65026
2021-12-31,2021,03,M,90+,Census 2011 basis,23637
2021-12-31,2021,04,F,0-17,Census 2011 basis,54778
2021-12-31,2021,04,F,18-29,Census 2011 basis,49783
2021-12-31,2021,04,F,30-44,Census 2011 basis,64944
2021-12-31,2021,04,F,45-64,Census 2011 basis,90717
2021-12-31,2021,04,F,65-74,Census 2011 basis,37245
2021-12-31,2021,04,F,75-84,Census 2011 basis,30655
2021-12-31,2021,04,F,85-89,Census 2011 basis,8931
2021-12-31,2021,04,F,90+,Census 2011 basis,5091
2021-12-31,2021,04,M,0-17,Census 2011 basis,58765
2021-12-31,2021,04,M,18-29,Census 2011 basis,54283
2021-12-31,2021,04,M,30-44,Census 2011 basis,68984
2021-12-31,2021,04,M,45-64,Census 2011 basis,90246
2021-12-31,2021,04,M,65-74,Census 2011 basis,31818
2021-12-31,2021,04,M,75-84,Census 2011 basis,23176
2021-12-31,2021,04,M,85-89,Census 2011 basis,5091
2021-12-31,2021,04,M,90+,Census 2011 basis,1956
2021-12-31,2021,05,F,0-17,Census 2011 basis,1475063
2021-12-31,2021,05,F,18-29,Census 2011 basis,1193625
2021-12-31,2021,05,F,30-44,Census 2011 basis,1663663
2021-12-31,2021,05,F,45-64,Census 2011 basis,2617510
2021-12-31,2021,05,F,65-74,Census 2011 basis,1016117
2021-12-31,2021,05,F,75-84,Census 2011 basis,788795
2021-12-31,2021,05,F,85-89,Census 2011 basis,240867
2021-12-31,2021,05,F,90+,Census 2011 basis,133418
2021-12-31,2021,05,M,0-17,Census 2011 basis,1565669
2021-12-31,2021,05,M,18-29,Census 2011 basis,1288642
2021-12-31,2021,05,M,30-44,Census 2011 basis,1685784
2021-12-31,2021,05,M,45-64,Census 2011 basis,2571138
2021-12-31,2021,05,M,65-74,Census 2011 basis,898622
2021-12-31,2021,05,M,75-84,Census 2011 basis,590560
2021-12-31,2021,05,M,85-89,Census 2011 basis,142563
2021-12-31,2021,05,M,90+,Census 2011 basis,52555
2021-12-31,2021,06,F,0-17,Census 2011 basis,519215
2021-12-31,2021,06,F,18-29,Census 2011 basis,414651
2021-12-31,2021,06,F,30-44,Census 2011 basis,603552
2021-12-31,2021,06,F,45-64,Census 2011 basis,909270
2021-12-31,2021,06,F,65-74,Census 2011 basis,351740
2021-12-31,2021,06,F,75-84,Census 2011 basis,266628
2021-12-31,2021,06,F,85-89,Census 2011 basis,77226
2021-12-31,2021,06,F,90+,Census 2011 basis,44146
2021-12-31,2021,06,M,0-17,Census 2011 basis,549543
2021-12-31,2021,06,M,18-29,Census 2011 basis,450982
2021-12-31,2021,06,M,30-44,Census 2011 basis,613217
2021-12-31,2021,06,M,45-64,Census 2011 basis,902935
2021-12-31,2021,06,M,65-74,Census 2011 basis,314996
2021-12-31,2021,06,M,75-84,Census 2011 basis,210020
2021-12-31,2021,06,M,85-89,Census 2011 basis,48228
2021-12-31,2021,06,M,90+,Census 2011 basis,18668
2021-12-31,2021,07,F,0-17,Census 2011 basis,328711
2021-12-31,2021,07,F,18-29,Census 2011 basis,257901
2021-12-31,2021,07,F,30-44,Census 2011 basis,370519
2021-12-31,2021,07,F,45-64,Census 2011 basis,608575
2021-12-31,2021,07,F,65-74,Census 2011 basis,247894
2021-12-31,2021,07,F,75-84,Census 2011 basis,176940
2021-12-31,2021,07,F,85-89,Census 2011 basis,54373
2021-12-31,2021,07,F,90+,Census 2011 basis,31249
2021-12-31,2021,07,M,0-17,Census 2011 basis,348871
2021-12-31,2021,07,M,18-29,Census 2011 basis,281406
2021-12-31,2021,07,M,30-44,Census 2011 basis,384112
2021-12-31,2021,07,M,45-64,Census 2011 basis,601404
2021-12-31,2021,07,M,65-74,Census 2011 basis,229611
2021-12-31,2021,07,M,75-84,Census 2011 basis,138443
2021-12-31,2021,07,M,85-89,Census 2011 basis,33737
2021-12-31,2021,07,M,90+,Census 2011 basis,12739
2021-12-31,2021,08,F,0-17,Census 2011 basis,926130
2021-12-31,2021,08,F,18-29,Census 2011 basis,748182
2021-12-31,2021,08,F,30-44,Census 2011 basis,1054223
2021-12-31,2021,08,F,45-64,Census 2011 basis,1580813
2021-12-31,2021,08,F,65-74,Census 2011 basis,604094
2021-12-31,2021,08,F,75-84,Census 2011 basis,468908
2021-12-31,2021,08,F,85-89,Census 2011 basis,139832
2021-12-31,2021,08,F,90+,Census 2011 basis,76350
2021-12-31,2021,08,M,0-17,Census 2011 basis,976145
2021-12-31,2021,08,M,18-29,Census 2011 basis,826373
2021-12-31,2021,08,M,30-44,Census 2011 basis,1108038
2021-12-31,2021,08,M,45-64,Census 2011 basis,1586781
2021-12-31,2021,08,M,65-74,Census 2011 basis,542463
2021-12-31,2021,08,M,75-84,Census 2011 basis,364622
2021-12-31,2021,08,M,85-89,Census 2011 basis,88683
2021-12-31,2021,08,M,90+,Census 2011 basis,33005
2021-12-31,2021,09,F,0-17,Census 2011 basis,1071087
2021-12-31,2021,09,F,18-29,Census 2011 basis,872487
2021-12-31,2021,09,F,30-44,Census 2011 basis,1271294
2021-12-31,2021,09,F,45-64,Census 2011 basis,1899031
2021-12-31,2021,09,F,65-74,Census 2011 basis,721925
2021-12-31,2021,09,F,75-84,Census 2011 basis,562770
2021-12-31,2021,09,F,85-89,Census 2011 basis,160112
2021-12-31,2021,09,F,90+,Census 2011 basis,86061
2021-12-31,2021,09,M,0-17,Census 2011 basis,1128486
2021-12-31,2021,09,M,18-29,Census 2011 basis,954032
2021-12-31,2021,09,M,30-44,Census 2011 basis,1325540
2021-12-31,2021,09,M,45-64,Census 2011 basis,1900337
2021-12-31,2021,09,M,65-74,Census 2011 basis,651017
2021-12-31,2021,09,M,75-84,Census 2011 basis,439890
2021-12-31,2021,09,M,85-89,Census 2011 basis,96917
2021-12-31,2021,09,M,90+,Census 2011 basis,36003
2021-12-31,2021,10,F,0-17,Census 2011 basis,71542
2021-12-31,2021,10,F,18-29,Census 2011 basis,58888
2021-12-31,2021,10,F,30-44,Census 2011 basis,85294
2021-12-31,2021,10,F,45-64,Census 2011 basis,148321
2021-12-31,2021,10,F,65-74,Census 2011 basis,65841
2021-12-31,2021,10,F,75-84,Census 2011 basis,46775
2021-12-31,2021,10,F,85-89,Census 2011 basis,15166
2021-12-31,2021,10,F,90+,Census 2011 basis,8082
2021-12-31,2021,10,M,0-17,Census 2011 basis,76126
2021-12-31,2021,10,M,18-29,Census 2011 basis,64847
2021-12-31,2021,10,M,30-44,Census 2011 basis,89405
2021-12-31,2021,10,M,45-64,Census 2011 basis,145096
2021-12-31,2021,10,M,65-74,Census 2011 basis,60575
2021-12-31,2021,10,M,75-84,Census 2011 basis,34500
2021-12-31,2021,10,M,85-89,Census 2011 basis,8777
2021-12-31,2021,10,M,90+,Census 2011 basis,3113
2021-12-31,2021,11,F,0-17,Census 2011 basis,300209
2021-12-31,2021,11,F,18-29,Census 2011 basis,264355
2021-12-31,2021,11,F,30-44,Census 2011 basis,435325
2021-12-31,2021,11,F,45-64,Census 2011 basis,467144
2021-12-31,2021,11,F,65-74,Census 2011 basis,183314
2021-12-31,2021,11,F,75-84,Census 2011 basis,156028
2021-12-31,2021,11,F,85-89,Census 2011 basis,41742
2021-12-31,2021,11,F,90+,Census 2011 basis,21529
2021-12-31,2021,11,M,0-17,Census 2011 basis,317414
2021-12-31,2021,11,M,18-29,Census 2011 basis,263676
2021-12-31,2021,11,M,30-44,Census 2011 basis,452404
2021-12-31,2021,11,M,45-64,Census 2011 basis,470873
2021-12-31,2021,11,M,65-74,Census 2011 basis,154536
2021-12-31,2021,11,M,75-84,Census 2011 basis,115732
2021-12-31,2021,11,M,85-89,Census 2011 basis,24739
2021-12-31,2021,11,M,90+,Census 2011 basis,8452
2021-12-31,2021,12,F,0-17,Census 2011 basis,198159
2021-12-31,2021,12,F,18-29,Census 2011 basis,103882
2021-12-31,2021,12,F,30-44,Census 2011 basis,235578
2021-12-31,2021,12,F,45-64,Census 2011 basis,387492
2021-12-31,2021,12,F,65-74,Census 2011 basis,168839
2021-12-31,2021,12,F,75-84,Census 2011 basis,133807
2021-12-31,2021,12,F,85-89,Census 2011 basis,40176
2021-12-31,2021,12,F,90+,Census 2011 basis,19610
2021-12-31,2021,12,M,0-17,Census 2011 basis,210084
2021-12-31,2021,12,M,18-29,Census 2011 basis,117425
2021-12-31,2021,12,M,30-44,Census 2011 basis,244095
2021-12-31,2021,12,M,45-64,Census 2011 basis,394419
2021-12-31,2021,12,M,65-74,Census 2011 basis,154629
2021-12-31,2021,12,M,75-84,Census 2011 basis,98948
2021-12-31,2021,12,M,85-89,Census 2011 basis,23384
2021-12-31,2021,12,M,90+,Census 2011 basis,7341
2021-12-31,2021,13,F,0-17,Census 2011 basis,120879
2021-12-31,2021,13,F,18-29,Census 2011 basis,72639
2021-12-31,2021,13,F,30-44,Census 2011 basis,147343
2021-12-31,2021,13,F,45-64,Census 2011 basis,238199
2021-12-31,2021,13,F,65-74,Census 2011 basis,115980
2021-12-31,2021,13,F,75-84,Census 2011 basis,83282
2021-12-31,2021,13,F,85-89,Census 2011 basis,26644
2021-12-31,2021,13,F,90+,Census 2011 basis,12751
2021-12-31,2021,13,M,0-17,Census 2011 basis,126566
2021-12-31,2021,13,M,18-29,Census 2011 basis,79754
2021-12-31,2021,13,M,30-44,Census 2011 basis,159708
2021-12-31,2021,13,M,45-64,Census 2011 basis,242907
2021-12-31,2021,13,M,65-74,Census 2011 basis,105251
2021-12-31,2021,13,M,75-84,Census 2011 basis,60272
2021-12-31,2021,13,M,85-89,Census 2011 basis,14440
2021-12-31,2021,13,M,90+,Census 2011 basis,4545
2021-12-31,2021,14,F,0-17,Census 2011 basis,315800
2021-12-31,2021,14,F,18-29,Census 2011 basis,198526
2021-12-31,2021,14,F,30-44,Census 2011 basis,374304
2021-12-31,2021,14,F,45-64,Census 2011 basis,543036
2021-12-31,2021,14,F,65-74,Census 2011 basis,277625
2021-12-31,2021,14,F,75-84,Census 2011 basis,234556
2021-12-31,2021,14,F,85-89,Census 2011 basis,68613
2021-12-31,2021,14,F,90+,Census 2011 basis,37658
2021-12-31,2021,14,M,0-17,Census 2011 basis,332991
2021-12-31,2021,14,M,18-29,Census 2011 basis,217370
2021-12-31,2021,14,M,30-44,Census 2011 basis,414501
2021-12-31,2021,14,M,45-64,Census 2011 basis,564575
2021-12-31,2021,14,M,65-74,Census 2011 basis,241337
2021-12-31,2021,14,M,75-84,Census 2011 basis,169402
2021-12-31,2021,14,M,85-89,Census 2011 basis,39287
2021-12-31,2021,14,M,90+,Census 2011 basis,13421
2021-12-31,2021,15,F,0-17,Census 2011 basis,157567
2021-12-31,2021,15,F,18-29,Census 2011 basis,96901
2021-12-31,2021,15,F,30-44,Census 2011 basis,186210
2021-12-31,2021,15,F,45-64,Census 2011 basis,318504
2021-12-31,2021,15,F,65-74,Census 2011 basis,159334
2021-12-31,2021,15,F,75-84,Census 2011 basis,127759
2021-12-31,2021,15,F,85-89,Census 2011 basis,37037
2021-12-31,2021,15,F,90+,Census 2011 basis,18798
2021-12-31,2021,15,M,0-17,Census 2011 basis,167151
2021-12-31,2021,15,M,18-29,Census 2011 basis,110636
2021-12-31,2021,15,M,30-44,Census 2011 basis,206770
2021-12-31,2021,15,M,45-64,Census 2011 basis,325941
2021-12-31,2021,15,M,65-74,Census 2011 basis,139538
2021-12-31,2021,15,M,75-84,Census 2011 basis,91517
2021-12-31,2021,15,M,85-89,Census 2011 basis,19564
2021-12-31,2021,15,M,90+,Census 2011 basis,6026
2021-12-31,2021,16,F,0-17,Census 2011 basis,157489
2021-12-31,2021,16,F,18-29,Census 2011 basis,95954
2021-12-31,2021,16,F,30-44,Census 2011 basis,185219
2021-12-31,2021,16,F,45-64,Census 2011 basis,304777
2021-12-31,2021,16,F,65-74,Census 2011 basis,152966
2021-12-31,2021,16,F,75-84,Census 2011 basis,118566
2021-12-31,2021,16,F,85-89,Census 2011 basis,33124
2021-12-31,2021,16,F,90+,Census 2011 basis,16832
2021-12-31,2021,16,M,0-17,Census 2011 basis,166436
2021-12-31,2021,16,M,18-29,Census 2011 basis,108442
2021-12-31,2021,16,M,30-44,Census 2011 basis,206675
2021-12-31,2021,16,M,45-64,Census 2011 basis,314207
2021-12-31,2021,16,M,65-74,Census 2011 basis,137340
2021-12-31,2021,16,M,75-84,Census 2011 basis,86520
2021-12-31,2021,16,M,85-89,Census 2011 basis,18469
2021-12-31,2021,16,M,90+,Census 2011 basis,5847
2022-12-31,2022,01,F,0-17,Census 2022 basis,234463
2022-12-31,2022,01,F,18-29,Census 2022 basis,176030
2022-12-31,2022,01,F,30-44,Census 2022 basis,265678
2022-12-31,2022,01,F,45-64,Census 2022 basis,442460
2022-12-31,2022,01,F,65-74,Census 2022 basis,177635
2022-12-31,2022,01,F,75-84,Census 2022 basis,143871
2022-12-31,2022,01,F,85-89,Census 2022 basis,43541
2022-12-31,2022,01,F,90+,Census 2022 basis,20890
2022-12-31,2022,01,M,0-17,Census 2022 basis,246871
2022-12-31,2022,01,M,18-29,Census 2022 basis,189072
2022-12-31,2022,01,M,30-44,Census 2022 basis,265040
2022-12-31,2022,01,M,45-64,Census 2022 basis,426601
2022-12-31,2022,01,M,65-74,Census 2022 basis,159159
2022-12-31,2022,01,M,75-84,Census 2022 basis,112726
2022-12-31,2022,01,M,85-89,Census 2022 basis,27008
2022-12-31,2022,01,M,90+,Census 2022 basis,8238
2022-12-31,2022,02,F,0-17,Census 2022 basis,151259
2022-12-31,2022,02,F,18-29,Census 2022 basis,142203
2022-12-31,2022,02,F,30-44,Census 2022 basis,212749
2022-12-31,2022,02,F,45-64,Census 2022 basis,242152
2022-12-31,2022,02,F,65-74,Census 2022 basis,84105
2022-12-31,2022,02,F,75-84,Census 2022 basis,71117
2022-12-31,2022,02,F,85-89,Census 2022 basis,22632
2022-12-31,2022,02,F,90+,Census 2022 basis,11921
2022-12-31,2022,02,M,0-17,Census 2022 basis,162210
2022-12-31,2022,02,M,18-29,Census 2022 basis,139376
2022-12-31,2022,02,M,30-44,Census 2022 basis,211102
2022-12-31,2022,02,M,45-64,Census 2022 basis,240446
2022-12-31,2022,02,M,65-74,Census 2022 basis,71723
2022-12-31,2022,02,M,75-84,Census 2022 basis,52546
2022-12-31,2022,02,M,85-89,Census 2022 basis,12651
2022-12-31,2022,02,M,90+,Census 2022 basis,4483
2022-12-31,2022,03,F,0-17,Census 2022 basis,654043
2022-12-31,2022,03,F,18-29,Census 2022 basis,502437
2022-12-31,2022,03,F,30-44,Census 2022 basis,721309
2022-12-31,2022,03,F,45-64,Census 2022 basis,1168527
2022-12-31,2022,03,F,65-74,Census 2022 basis,477120
2022-12-31,2022,03,F,75-84,Census 2022 basis,353970
2022-12-31,2022,03,F,85-89,Census 2022 basis,114882
2022-12-31,2022,03,F,90+,Census 2022 basis,58260
2022-12-31,2022,03,M,0-17,Census 2022 basis,690601
2022-12-31,2022,03,M,18-29,Census 2022 basis,543866
2022-12-31,2022,03,M,30-44,Census 2022 basis,741888
2022-12-31,2022,03,M,45-64,Census 2022 basis,1149446
2022-12-31,2022,03,M,65-74,Census 2022 basis,439051
2022-12-31,2022,03,M,75-84,Census 2022 basis,276459
2022-12-31,2022,03,M,85-89,Census 2022 basis,68457
2022-12-31,2022,03,M,90+,Census 2022 basis,22631
2022-12-31,2022,04,F,0-17,Census 2022 basis,58211
2022-12-31,2022,04,F,18-29,Census 2022 basis,51650
2022-12-31,2022,04,F,30-44,Census 2022 basis,67938
2022-12-31,2022,04,F,45-64,Census 2022 basis,92124
2022-12-31,2022,04,F,65-74,Census 2022 basis,38456
2022-12-31,2022,04,F,75-84,Census 2022 basis,29955
2022-12-31,2022,04,F,85-89,Census 2022 basis,9502
2022-12-31,2022,04,F,90+,Census 2022 basis,4662
2022-12-31,2022,04,M,0-17,Census 2022 basis,61700
2022-12-31,2022,04,M,18-29,Census 2022 basis,56553
2022-12-31,2022,04,M,30-44,Census 2022 basis,71755
2022-12-31,2022,04,M,45-64,Census 2022 basis,90964
2022-12-31,2022,04,M,65-74,Census 2022 basis,32851
2022-12-31,2022,04,M,75-84,Census 2022 basis,22431
2022-12-31,2022,04,M,85-89,Census 2022 basis,5360
2022-12-31,2022,04,M,90+,Census 2022 basis,1646
2022-12-31,2022,05,F,0-17,Census 2022 basis,1480821
2022-12-31,2022,05,F,18-29,Census 2022 basis,1175608
2022-12-31,2022,05,F,30-44,Census 2022 basis,1704098
2022-12-31,2022,05,F,45-64,Census 2022 basis,2602171
2022-12-31,2022,05,F,65-74,Census 2022 basis,1042081
2022-12-31,2022,05,F,75-84,Census 2022 basis,757866
2022-12-31,2022,05,F,85-89,Census 2022 basis,253728
2022-12-31,2022,05,F,90+,Census 2022 basis,130938
2022-12-31,2022,05,M,0-17,Census 2022 basis,1566234
2022-12-31,2022,05,M,18-29,Census 2022 basis,1262944
2022-12-31,2022,05,M,30-44,Census 2022 basis,1735847
2022-12-31,2022,05,M,45-64,Census 2022 basis,2561901
2022-12-31,2022,05,M,65-74,Census 2022 basis,927419
2022-12-31,2022,05,M,75-84,Census 2022 basis,564870
2022-12-31,2022,05,M,85-89,Census 2022 basis,146727
2022-12-31,2022,05,M,90+,Census 2022 basis,51167
2022-12-31,2022,06,F,0-17,Census 2022 basis,518172
2022-12-31,2022,06,F,18-29,Census 2022 basis,404784
2022-12-31,2022,06,F,30-44,Census 2022 basis,608546
2022-12-31,2022,06,F,45-64,Census 2022 basis,898207
2022-12-31,2022,06,F,65-74,Census 2022 basis,354314
2022-12-31,2022,06,F,75-84,Census 2022 basis,258944
2022-12-31,2022,06,F,85-89,Census 2022 basis,81243
2022-12-31,2022,06,F,90+,Census 2022 basis,41740
2022-12-31,2022,06,M,0-17,Census 2022 basis,541377
2022-12-31,2022,06,M,18-29,Census 2022 basis,437956
2022-12-31,2022,06,M,30-44,Census 2022 basis,614962
2022-12-31,2022,06,M,45-64,Census 2022 basis,888045
2022-12-31,2022,06,M,65-74,Census 2022 basis,320076
2022-12-31,2022,06,M,75-84,Census 2022 basis,201786
2022-12-31,2022,06,M,85-89,Census 2022 basis,49529
2022-12-31,2022,06,M,90+,Census 2022 basis,17252
2022-12-31,2022,07,F,0-17,Census 2022 basis,333304
2022-12-31,2022,07,F,18-29,Census 2022 basis,252297
2022-12-31,2022,07,F,30-44,Census 2022 basis,379861
2022-12-31,2022,07,F,45-64,Census 2022 basis,601816
2022-12-31,2022,07,F,65-74,Census 2022 basis,256361
2022-12-31,2022,07,F,75-84,Census 2022 basis,169829
2022-12-31,2022,07,F,85-89,Census 2022 basis,57325
2022-12-31,2022,07,F,90+,Census 2022 basis,29815
2022-12-31,2022,07,M,0-17,Census 2022 basis,351570
2022-12-31,2022,07,M,18-29,Census 2022 basis,274523
2022-12-31,2022,07,M,30-44,Census 2022 basis,391115
2022-12-31,2022,07,M,45-64,Census 2022 basis,593898
2022-12-31,2022,07,M,65-74,Census 2022 basis,237795
2022-12-31,2022,07,M,75-84,Census 2022 basis,132342
2022-12-31,2022,07,M,85-89,Census 2022 basis,34630
2022-12-31,2022,07,M,90+,Census 2022 basis,12074
2022-12-31,2022,08,F,0-17,Census 2022 basis,944031
2022-12-31,2022,08,F,18-29,Census 2022 basis,745429
2022-12-31,2022,08,F,30-44,Census 2022 basis,1074336
2022-12-31,2022,08,F,45-64,Census 2022 basis,1574707
2022-12-31,2022,08,F,65-74,Census 2022 basis,619785
2022-12-31,2022,08,F,75-84,Census 2022 basis,454819
2022-12-31,2022,08,F,85-89,Census 2022 basis,148158
2022-12-31,2022,08,F,90+,Census 2022 basis,75032
2022-12-31,2022,08,M,0-17,Census 2022 basis,990079
2022-12-31,2022,08,M,18-29,Census 2022 basis,818890
2022-12-31,2022,08,M,30-44,Census 2022 basis,1113391
2022-12-31,2022,08,M,45-64,Census 2022 basis,1567977
2022-12-31,2022,08,M,65-74,Census 2022 basis,560842
2022-12-31,2022,08,M,75-84,Census 2022 basis,354170
2022-12-31,2022,08,M,85-89,Census 2022 basis,93401
2022-12-31,2022,08,M,90+,Census 2022 basis,32674
2022-12-31,2022,09,F,0-17,Census 2022 basis,1074286
2022-12-31,2022,09,F,18-29,Census 2022 basis,844764
2022-12-31,2022,09,F,30-44,Census 2022 basis,1284815
2022-12-31,2022,09,F,45-64,Census 2022 basis,1883010
2022-12-31,2022,09,F,65-74,Census 2022 basis,733056
2022-12-31,2022,09,F,75-84,Census 2022 basis,548746
2022-12-31,2022,09,F,85-89,Census 2022 basis,168052
2022-12-31,2022,09,F,90+,Census 2022 basis,85040
2022-12-31,2022,09,M,0-17,Census 2022 basis,1134024
2022-12-31,2022,09,M,18-29,Census 2022 basis,920968
2022-12-31,2022,09,M,30-44,Census 2022 basis,1330370
2022-12-31,2022,09,M,45-64,Census 2022 basis,1873716
2022-12-31,2022,09,M,65-74,Census 2022 basis,662468
2022-12-31,2022,09,M,75-84,Census 2022 basis,426622
2022-12-31,2022,09,M,85-89,Census 2022 basis,100615
2022-12-31,2022,09,M,90+,Census 2022 basis,34669
2022-12-31,2022,10,F,0-17,Census 2022 basis,74672
2022-12-31,2022,10,F,18-29,Census 2022 basis,60315
2022-12-31,2022,10,F,30-44,Census 2022 basis,91254
2022-12-31,2022,10,F,45-64,Census 2022 basis,149626
2022-12-31,2022,10,F,65-74,Census 2022 basis,69577
2022-12-31,2022,10,F,75-84,Census 2022 basis,45094
2022-12-31,2022,10,F,85-89,Census 2022 basis,16278
2022-12-31,2022,10,F,90+,Census 2022 basis,8117
2022-12-31,2022,10,M,0-17,Census 2022 basis,79715
2022-12-31,2022,10,M,18-29,Census 2022 basis,65574
2022-12-31,2022,10,M,30-44,Census 2022 basis,95231
2022-12-31,2022,10,M,45-64,Census 2022 basis,146579
2022-12-31,2022,10,M,65-74,Census 2022 basis,64232
2022-12-31,2022,10,M,75-84,Census 2022 basis,33314
2022-12-31,2022,10,M,85-89,Census 2022 basis,9240
2022-12-31,2022,10,M,90+,Census 2022 basis,3073
2022-12-31,2022,11,F,0-17,Census 2022 basis,296333
2022-12-31,2022,11,F,18-29,Census 2022 basis,259964
2022-12-31,2022,11,F,30-44,Census 2022 basis,434957
2022-12-31,2022,11,F,45-64,Census 2022 basis,464598
2022-12-31,2022,11,F,65-74,Census 2022 basis,181580
2022-12-31,2022,11,F,75-84,Census 2022 basis,150208
2022-12-31,2022,11,F,85-89,Census 2022 basis,45735
2022-12-31,2022,11,F,90+,Census 2022 basis,21578
2022-12-31,2022,11,M,0-17,Census 2022 basis,310135
2022-12-31,2022,11,M,18-29,Census 2022 basis,257413
2022-12-31,2022,11,M,30-44,Census 2022 basis,442525
2022-12-31,2022,11,M,45-64,Census 2022 basis,468776
2022-12-31,2022,11,M,65-74,Census 2022 basis,155218
2022-12-31,2022,11,M,75-84,Census 2022 basis,109631
2022-12-31,2022,11,M,85-89,Census 2022 basis,26055
2022-12-31,2022,11,M,90+,Census 2022 basis,8147
2022-12-31,2022,12,F,0-17,Census 2022 basis,200804
2022-12-31,2022,12,F,18-29,Census 2022 basis,105658
2022-12-31,2022,12,F,30-44,Census 2022 basis,236935
2022-12-31,2022,12,F,45-64,Census 2022 basis,385062
2022-12-31,2022,12,F,65-74,Census 2022 basis,175945
2022-12-31,2022,12,F,75-84,Census 2022 basis,127652
2022-12-31,2022,12,F,85-89,Census 2022 basis,42859
2022-12-31,2022,12,F,90+,Census 2022 basis,19534
2022-12-31,2022,12,M,0-17,Census 2022 basis,211182
2022-12-31,2022,12,M,18-29,Census 2022 basis,119665
2022-12-31,2022,12,M,30-44,Census 2022 basis,242259
2022-12-31,2022,12,M,45-64,Census 2022 basis,389923
2022-12-31,2022,12,M,65-74,Census 2022 basis,161597
2022-12-31,2022,12,M,75-84,Census 2022 basis,94049
2022-12-31,2022,12,M,85-89,Census 2022 basis,24462
2022-12-31,2022,12,M,90+,Census 2022 basis,7573
2022-12-31,2022,13,F,0-17,Census 2022 basis,118831
2022-12-31,2022,13,F,18-29,Census 2022 basis,71517
2022-12-31,2022,13,F,30-44,Census 2022 basis,142311
2022-12-31,2022,13,F,45-64,Census 2022 basis,232643
2022-12-31,2022,13,F,65-74,Census 2022 basis,120292
2022-12-31,2022,13,F,75-84,Census 2022 basis,79129
2022-12-31,2022,13,F,85-89,Census 2022 basis,27853
2022-12-31,2022,13,F,90+,Census 2022 basis,12751
2022-12-31,2022,13,M,0-17,Census 2022 basis,123860
2022-12-31,2022,13,M,18-29,Census 2022 basis,76119
2022-12-31,2022,13,M,30-44,Census 2022 basis,149726
2022-12-31,2022,13,M,45-64,Census 2022 basis,235703
2022-12-31,2022,13,M,65-74,Census 2022 basis,108926
2022-12-31,2022,13,M,75-84,Census 2022 basis,57016
2022-12-31,2022,13,M,85-89,Census 2022 basis,14743
2022-12-31,2022,13,M,90+,Census 2022 basis,4629
2022-12-31,2022,14,F,0-17,Census 2022 basis,318954
2022-12-31,2022,14,F,18-29,Census 2022 basis,203498
2022-12-31,2022,14,F,30-44,Census 2022 basis,376617
2022-12-31,2022,14,F,45-64,Census 2022 basis,541217
2022-12-31,2022,14,F,65-74,Census 2022 basis,283670
2022-12-31,2022,14,F,75-84,Census 2022 basis,226190
2022-12-31,2022,14,F,85-89,Census 2022 basis,73027
2022-12-31,2022,14,F,90+,Census 2022 basis,36844
2022-12-31,2022,14,M,0-17,Census 2022 basis,336384
2022-12-31,2022,14,M,18-29,Census 2022 basis,222989
2022-12-31,2022,14,M,30-44,Census 2022 basis,406199
2022-12-31,2022,14,M,45-64,Census 2022 basis,561649
2022-12-31,2022,14,M,65-74,Census 2022 basis,245808
2022-12-31,2022,14,M,75-84,Census 2022 basis,161792
2022-12-31,2022,14,M,85-89,Census 2022 basis,41803
2022-12-31,2022,14,M,90+,Census 2022 basis,13326
2022-12-31,2022,15,F,0-17,Census 2022 basis,155398
2022-12-31,2022,15,F,18-29,Census 2022 basis,97431
2022-12-31,2022,15,F,30-44,Census 2022 basis,187824
2022-12-31,2022,15,F,45-64,Census 2022 basis,313384
2022-12-31,2022,15,F,65-74,Census 2022 basis,163601
2022-12-31,2022,15,F,75-84,Census 2022 basis,122441
2022-12-31,2022,15,F,85-89,Census 2022 basis,38837
2022-12-31,2022,15,F,90+,Census 2022 basis,18617
2022-12-31,2022,15,M,0-17,Census 2022 basis,168054
2022-12-31,2022,15,M,18-29,Census 2022 basis,109634
2022-12-31,2022,15,M,30-44,Census 2022 basis,202324
2022-12-31,2022,15,M,45-64,Census 2022 basis,317686
2022-12-31,2022,15,M,65-74,Census 2022 basis,141963
2022-12-31,2022,15,M,75-84,Census 2022 basis,86464
2022-12-31,2022,15,M,85-89,Census 2022 basis,20465
2022-12-31,2022,15,M,90+,Census 2022 basis,6116
2022-12-31,2022,16,F,0-17,Census 2022 basis,159610
2022-12-31,2022,16,F,18-29,Census 2022 basis,99458
2022-12-31,2022,16,F,30-44,Census 2022 basis,186483
2022-12-31,2022,16,F,45-64,Census 2022 basis,303016
2022-12-31,2022,16,F,65-74,Census 2022 basis,158299
2022-12-31,2022,16,F,75-84,Census 2022 basis,115168
2022-12-31,2022,16,F,85-89,Census 2022 basis,35298
2022-12-31,2022,16,F,90+,Census 2022 basis,16565
2022-12-31,2022,16,M,0-17,Census 2022 basis,168761
2022-12-31,2022,16,M,18-29,Census 2022 basis,112154
2022-12-31,2022,16,M,30-44,Census 2022 basis,203418
2022-12-31,2022,16,M,45-64,Census 2022 basis,310716
2022-12-31,2022,16,M,65-74,Census 2022 basis,141109
2022-12-31,2022,16,M,75-84,Census 2022 basis,83437
2022-12-31,2022,16,M,85-89,Census 2022 basis,19502
2022-12-31,2022,16,M,90+,Census 2022 basis,5836
2023-12-31,2023,01,F,0-17,Census 2022 basis,235032
2023-12-31,2023,01,F,18-29,Census 2022 basis,176068
2023-12-31,2023,01,F,30-44,Census 2022 basis,268104
2023-12-31,2023,01,F,45-64,Census 2022 basis,440484
2023-12-31,2023,01,F,65-74,Census 2022 basis,180153
2023-12-31,2023,01,F,75-84,Census 2022 basis,141048
2023-12-31,2023,01,F,85-89,Census 2022 basis,47753
2023-12-31,2023,01,F,90+,Census 2022 basis,20672
2023-12-31,2023,01,M,0-17,Census 2022 basis,248118
2023-12-31,2023,01,M,18-29,Census 2022 basis,192114
2023-12-31,2023,01,M,30-44,Census 2022 basis,269898
2023-12-31,2023,01,M,45-64,Census 2022 basis,423677
2023-12-31,2023,01,M,65-74,Census 2022 basis,161180
2023-12-31,2023,01,M,75-84,Census 2022 basis,110724
2023-12-31,2023,01,M,85-89,Census 2022 basis,29866
2023-12-31,2023,01,M,90+,Census 2022 basis,8311
2023-12-31,2023,02,F,0-17,Census 2022 basis,152103
2023-12-31,2023,02,F,18-29,Census 2022 basis,144534
2023-12-31,2023,02,F,30-44,Census 2022 basis,214686
2023-12-31,2023,02,F,45-64,Census 2022 basis,243390
2023-12-31,2023,02,F,65-74,Census 2022 basis,85248
2023-12-31,2023,02,F,75-84,Census 2022 basis,69520
2023-12-31,2023,02,F,85-89,Census 2022 basis,24242
2023-12-31,2023,02,F,90+,Census 2022 basis,11619
2023-12-31,2023,02,M,0-17,Census 2022 basis,163481
2023-12-31,2023,02,M,18-29,Census 2022 basis,143859
2023-12-31,2023,02,M,30-44,Census 2022 basis,214377
2023-12-31,2023,02,M,45-64,Census 2022 basis,242131
2023-12-31,2023,02,M,65-74,Census 2022 basis,72650
2023-12-31,2023,02,M,75-84,Census 2022 basis,51545
2023-12-31,2023,02,M,85-89,Census 2022 basis,13792
2023-12-31,2023,02,M,90+,Census 2022 basis,4419
2023-12-31,2023,03,F,0-17,Census 2022 basis,655696
2023-12-31,2023,03,F,18-29,Census 2022 basis,501092
2023-12-31,2023,03,F,30-44,Census 2022 basis,727625
2023-12-31,2023,03,F,45-64,Census 2022 basis,1158501
2023-12-31,2023,03,F,65-74,Census 2022 basis,487074
2023-12-31,2023,03,F,75-84,Census 2022 basis,345891
2023-12-31,2023,03,F,85-89,Census 2022 basis,124136
2023-12-31,2023,03,F,90+,Census 2022 basis,56977
2023-12-31,2023,03,M,0-17,Census 2022 basis,693779
2023-12-31,2023,03,M,18-29,Census 2022 basis,547007
2023-12-31,2023,03,M,30-44,Census 2022 basis,755350
2023-12-31,2023,03,M,45-64,Census 2022 basis,1138530
2023-12-31,2023,03,M,65-74,Census 2022 basis,445998
2023-12-31,2023,03,M,75-84,Census 2022 basis,272956
2023-12-31,2023,03,M,85-89,Census 2022 basis,75005
2023-12-31,2023,03,M,90+,Census 2022 basis,22518
2023-12-31,2023,04,F,0-17,Census 2022 basis,59102
2023-12-31,2023,04,F,18-29,Census 2022 basis,52410
2023-12-31,2023,04,F,30-44,Census 2022 basis,69166
2023-12-31,2023,04,F,45-64,Census 2022 basis,91768
2023-12-31,2023,04,F,65-74,Census 2022 basis,38926
2023-12-31,2023,04,F,75-84,Census 2022 basis,29268
2023-12-31,2023,04,F,85-89,Census 2022 basis,10287
2023-12-31,2023,04,F,90+,Census 2022 basis,4584
2023-12-31,2023,04,M,0-17,Census 2022 basis,62769
2023-12-31,2023,04,M,18-29,Census 2022 basis,57763
2023-12-31,2023,04,M,30-44,Census 2022 basis,73323
2023-12-31,2023,04,M,45-64,Census 2022 basis,90649
2023-12-31,2023,04,M,65-74,Census 2022 basis,33178
2023-12-31,2023,04,M,75-84,Census 2022 basis,21958
2023-12-31,2023,04,M,85-89,Census 2022 basis,5849
2023-12-31,2023,04,M,90+,Census 2022 basis,1655
2023-12-31,2023,05,F,0-17,Census 2022 basis,1485686
2023-12-31,2023,05,F,18-29,Census 2022 basis,1171351
2023-12-31,2023,05,F,30-44,Census 2022 basis,1719347
2023-12-31,2023,05,F,45-64,Census 2022 basis,2577475
2023-12-31,2023,05,F,65-74,Census 2022 basis,1065324
2023-12-31,2023,05,F,75-84,Census 2022 basis,739638
2023-12-31,2023,05,F,85-89,Census 2022 basis,270551
2023-12-31,2023,05,F,90+,Census 2022 basis,129112
2023-12-31,2023,05,M,0-17,Census 2022 basis,1573607
2023-12-31,2023,05,M,18-29,Census 2022 basis,1270732
2023-12-31,2023,05,M,30-44,Census 2022 basis,1767114
2023-12-31,2023,05,M,45-64,Census 2022 basis,2533881
2023-12-31,2023,05,M,65-74,Census 2022 basis,949514
2023-12-31,2023,05,M,75-84,Census 2022 basis,555291
2023-12-31,2023,05,M,85-89,Census 2022 basis,157727
2023-12-31,2023,05,M,90+,Census 2022 basis,51170
2023-12-31,2023,06,F,0-17,Census 2022 basis,520347
2023-12-31,2023,06,F,18-29,Census 2022 basis,406519
2023-12-31,2023,06,F,30-44,Census 2022 basis,611841
2023-12-31,2023,06,F,45-64,Census 2022 basis,893938
2023-12-31,2023,06,F,65-74,Census 2022 basis,359689
2023-12-31,2023,06,F,75-84,Census 2022 basis,255812
2023-12-31,2023,06,F,85-89,Census 2022 basis,87413
2023-12-31,2023,06,F,90+,Census 2022 basis,40634
2023-12-31,2023,06,M,0-17,Census 2022 basis,545864
2023-12-31,2023,06,M,18-29,Census 2022 basis,444421
2023-12-31,2023,06,M,30-44,Census 2022 basis,623140
2023-12-31,2023,06,M,45-64,Census 2022 basis,881650
2023-12-31,2023,06,M,65-74,Census 2022 basis,324787
2023-12-31,2023,06,M,75-84,Census 2022 basis,200844
2023-12-31,2023,06,M,85-89,Census 2022 basis,53394
2023-12-31,2023,06,M,90+,Census 2022 basis,17253
2023-12-31,2023,07,F,0-17,Census 2022 basis,335083
2023-12-31,2023,07,F,18-29,Census 2022 basis,250293
2023-12-31,2023,07,F,30-44,Census 2022 basis,383429
2023-12-31,2023,07,F,45-64,Census 2022 basis,595331
2023-12-31,2023,07,F,65-74,Census 2022 basis,262923
2023-12-31,2023,07,F,75-84,Census 2022 basis,166684
2023-12-31,2023,07,F,85-89,Census 2022 basis,61109
2023-12-31,2023,07,F,90+,Census 2022 basis,29465
2023-12-31,2023,07,M,0-17,Census 2022 basis,354022
2023-12-31,2023,07,M,18-29,Census 2022 basis,276094
2023-12-31,2023,07,M,30-44,Census 2022 basis,399551
2023-12-31,2023,07,M,45-64,Census 2022 basis,587311
2023-12-31,2023,07,M,65-74,Census 2022 basis,243803
2023-12-31,2023,07,M,75-84,Census 2022 basis,130751
2023-12-31,2023,07,M,85-89,Census 2022 basis,37250
2023-12-31,2023,07,M,90+,Census 2022 basis,12064
2023-12-31,2023,08,F,0-17,Census 2022 basis,948421
2023-12-31,2023,08,F,18-29,Census 2022 basis,744086
2023-12-31,2023,08,F,30-44,Census 2022 basis,1085093
2023-12-31,2023,08,F,45-64,Census 2022 basis,1565153
2023-12-31,2023,08,F,65-74,Census 2022 basis,635831
2023-12-31,2023,08,F,75-84,Census 2022 basis,445775
2023-12-31,2023,08,F,85-89,Census 2022 basis,159721
2023-12-31,2023,08,F,90+,Census 2022 basis,74578
2023-12-31,2023,08,M,0-17,Census 2022 basis,997082
2023-12-31,2023,08,M,18-29,Census 2022 basis,825981
2023-12-31,2023,08,M,30-44,Census 2022 basis,1131860
2023-12-31,2023,08,M,45-64,Census 2022 basis,1556751
2023-12-31,2023,08,M,65-74,Census 2022 basis,575345
2023-12-31,2023,08,M,75-84,Census 2022 basis,350322
2023-12-31,2023,08,M,85-89,Census 2022 basis,101040
2023-12-31,2023,08,M,90+,Census 2022 basis,33701
2023-12-31,2023,09,F,0-17,Census 2022 basis,1080516
2023-12-31,2023,09,F,18-29,Census 2022 basis,843559
2023-12-31,2023,09,F,30-44,Census 2022 basis,1292464
2023-12-31,2023,09,F,45-64,Census 2022 basis,1872810
2023-12-31,2023,09,F,65-74,Census 2022 basis,749698
2023-12-31,2023,09,F,75-84,Census 2022 basis,540562
2023-12-31,2023,09,F,85-89,Census 2022 basis,181192
2023-12-31,2023,09,F,90+,Census 2022 basis,84331
2023-12-31,2023,09,M,0-17,Census 2022 basis,1142442
2023-12-31,2023,09,M,18-29,Census 2022 basis,934448
2023-12-31,2023,09,M,30-44,Census 2022 basis,1348417
2023-12-31,2023,09,M,45-64,Census 2022 basis,1860554
2023-12-31,2023,09,M,65-74,Census 2022 basis,677463
2023-12-31,2023,09,M,75-84,Census 2022 basis,422829
2023-12-31,2023,09,M,85-89,Census 2022 basis,110302
2023-12-31,2023,09,M,90+,Census 2022 basis,34839
2023-12-31,2023,10,F,0-17,Census 2022 basis,75270
2023-12-31,2023,10,F,18-29,Census 2022 basis,59795
2023-12-31,2023,10,F,30-44,Census 2022 basis,92121
2023-12-31,2023,10,F,45-64,Census 2022 basis,146918
2023-12-31,2023,10,F,65-74,Census 2022 basis,71295
2023-12-31,2023,10,F,75-84,Census 2022 basis,44225
2023-12-31,2023,10,F,85-89,Census 2022 basis,17208
2023-12-31,2023,10,F,90+,Census 2022 basis,8086
2023-12-31,2023,10,M,0-17,Census 2022 basis,80475
2023-12-31,2023,10,M,18-29,Census 2022 basis,65832
2023-12-31,2023,10,M,30-44,Census 2022 basis,97317
2023-12-31,2023,10,M,45-64,Census 2022 basis,143592
2023-12-31,2023,10,M,65-74,Census 2022 basis,65652
2023-12-31,2023,10,M,75-84,Census 2022 basis,33333
2023-12-31,2023,10,M,85-89,Census 2022 basis,9758
2023-12-31,2023,10,M,90+,Census 2022 basis,3170
2023-12-31,2023,11,F,0-17,Census 2022 basis,296896
2023-12-31,2023,11,F,18-29,Census 2022 basis,265411
2023-12-31,2023,11,F,30-44,Census 2022 basis,438427
2023-12-31,2023,11,F,45-64,Census 2022 basis,465014
2023-12-31,2023,11,F,65-74,Census 2022 basis,182741
2023-12-31,2023,11,F,75-84,Census 2022 basis,146451
2023-12-31,2023,11,F,85-89,Census 2022 basis,49511
2023-12-31,2023,11,F,90+,Census 2022 basis,21521
2023-12-31,2023,11,M,0-17,Census 2022 basis,311553
2023-12-31,2023,11,M,18-29,Census 2022 basis,266883
2023-12-31,2023,11,M,30-44,Census 2022 basis,448299
2023-12-31,2023,11,M,45-64,Census 2022 basis,468947
2023-12-31,2023,11,M,65-74,Census 2022 basis,156749
2023-12-31,2023,11,M,75-84,Census 2022 basis,107077
2023-12-31,2023,11,M,85-89,Census 2022 basis,28502
2023-12-31,2023,11,M,90+,Census 2022 basis,8399
2023-12-31,2023,12,F,0-17,Census 2022 basis,201131
2023-12-31,2023,12,F,18-29,Census 2022 basis,109846
2023-12-31,2023,12,F,30-44,Census 2022 basis,233504
2023-12-31,2023,12,F,45-64,Census 2022 basis,381665
2023-12-31,2023,12,F,65-74,Census 2022 basis,182497
2023-12-31,2023,12,F,75-84,Census 2022 basis,122387
2023-12-31,2023,12,F,85-89,Census 2022 basis,46545
2023-12-31,2023,12,F,90+,Census 2022 basis,19625
2023-12-31,2023,12,M,0-17,Census 2022 basis,211513
2023-12-31,2023,12,M,18-29,Census 2022 basis,126964
2023-12-31,2023,12,M,30-44,Census 2022 basis,239724
2023-12-31,2023,12,M,45-64,Census 2022 basis,386634
2023-12-31,2023,12,M,65-74,Census 2022 basis,167092
2023-12-31,2023,12,M,75-84,Census 2022 basis,90921
2023-12-31,2023,12,M,85-89,Census 2022 basis,26578
2023-12-31,2023,12,M,90+,Census 2022 basis,7838
2023-12-31,2023,13,F,0-17,Census 2022 basis,118371
2023-12-31,2023,13,F,18-29,Census 2022 basis,73939
2023-12-31,2023,13,F,30-44,Census 2022 basis,139544
2023-12-31,2023,13,F,45-64,Census 2022 basis,229767
2023-12-31,2023,13,F,65-74,Census 2022 basis,124828
2023-12-31,2023,13,F,75-84,Census 2022 basis,75945
2023-12-31,2023,13,F,85-89,Census 2022 basis,29960
2023-12-31,2023,13,F,90+,Census 2022 basis,13025
2023-12-31,2023,13,M,0-17,Census 2022 basis,124109
2023-12-31,2023,13,M,18-29,Census 2022 basis,79953
2023-12-31,2023,13,M,30-44,Census 2022 basis,146766
2023-12-31,2023,13,M,45-64,Census 2022 basis,233066
2023-12-31,2023,13,M,65-74,Census 2022 basis,112543
2023-12-31,2023,13,M,75-84,Census 2022 basis,55394
2023-12-31,2023,13,M,85-89,Census 2022 basis,16031
2023-12-31,2023,13,M,90+,Census 2022 basis,4800
2023-12-31,2023,14,F,0-17,Census 2022 basis,317100
2023-12-31,2023,14,F,18-29,Census 2022 basis,210755
2023-12-31,2023,14,F,30-44,Census 2022 basis,370071
2023-12-31,2023,14,F,45-64,Census 2022 basis,537955
2023-12-31,2023,14,F,65-74,Census 2022 basis,289423
2023-12-31,2023,14,F,75-84,Census 2022 basis,217504
2023-12-31,2023,14,F,85-89,Census 2022 basis,78794
2023-12-31,2023,14,F,90+,Census 2022 basis,36695
2023-12-31,2023,14,M,0-17,Census 2022 basis,335915
2023-12-31,2023,14,M,18-29,Census 2022 basis,233748
2023-12-31,2023,14,M,30-44,Census 2022 basis,400226
2023-12-31,2023,14,M,45-64,Census 2022 basis,561148
2023-12-31,2023,14,M,65-74,Census 2022 basis,250356
2023-12-31,2023,14,M,75-84,Census 2022 basis,155629
2023-12-31,2023,14,M,85-89,Census 2022 basis,45657
2023-12-31,2023,14,M,90+,Census 2022 basis,13713
2023-12-31,2023,15,F,0-17,Census 2022 basis,154576
2023-12-31,2023,15,F,18-29,Census 2022 basis,100323
2023-12-31,2023,15,F,30-44,Census 2022 basis,184220
2023-12-31,2023,15,F,45-64,Census 2022 basis,308124
2023-12-31,2023,15,F,65-74,Census 2022 basis,167172
2023-12-31,2023,15,F,75-84,Census 2022 basis,117988
2023-12-31,2023,15,F,85-89,Census 2022 basis,41443
2023-12-31,2023,15,F,90+,Census 2022 basis,18470
2023-12-31,2023,15,M,0-17,Census 2022 basis,167705
2023-12-31,2023,15,M,18-29,Census 2022 basis,115511
2023-12-31,2023,15,M,30-44,Census 2022 basis,198856
2023-12-31,2023,15,M,45-64,Census 2022 basis,313708
2023-12-31,2023,15,M,65-74,Census 2022 basis,144814
2023-12-31,2023,15,M,75-84,Census 2022 basis,83445
2023-12-31,2023,15,M,85-89,Census 2022 basis,22008
2023-12-31,2023,15,M,90+,Census 2022 basis,6207
2023-12-31,2023,16,F,0-17,Census 2022 basis,158518
2023-12-31,2023,16,F,18-29,Census 2022 basis,102408
2023-12-31,2023,16,F,30-44,Census 2022 basis,182597
2023-12-31,2023,16,F,45-64,Census 2022 basis,298373
2023-12-31,2023,16,F,65-74,Census 2022 basis,161783
2023-12-31,2023,16,F,75-84,Census 2022 basis,111748
2023-12-31,2023,16,F,85-89,Census 2022 basis,38376
2023-12-31,2023,16,F,90+,Census 2022 basis,16286
2023-12-31,2023,16,M,0-17,Census 2022 basis,167888
2023-12-31,2023,16,M,18-29,Census 2022 basis,117370
2023-12-31,2023,16,M,30-44,Census 2022 basis,199601
2023-12-31,2023,16,M,45-64,Census 2022 basis,307256
2023-12-31,2023,16,M,65-74,Census 2022 basis,143911
2023-12-31,2023,16,M,75-84,Census 2022 basis,81279
2023-12-31,2023,16,M,85-89,Census 2022 basis,21499
2023-12-31,2023,16,M,90+,Census 2022 basis,5977
2024-12-31,2024,01,F,0-17,Census 2022 basis,234630
2024-12-31,2024,01,F,18-29,Census 2022 basis,176015
2024-12-31,2024,01,F,30-44,Census 2022 basis,268948
2024-12-31,2024,01,F,45-64,Census 2022 basis,437080
2024-12-31,2024,01,F,65-74,Census 2022 basis,183928
2024-12-31,2024,01,F,75-84,Census 2022 basis,138058
2024-12-31,2024,01,F,85-89,Census 2022 basis,50995
2024-12-31,2024,01,F,90+,Census 2022 basis,21961
2024-12-31,2024,01,M,0-17,Census 2022 basis,247805
2024-12-31,2024,01,M,18-29,Census 2022 basis,192874
2024-12-31,2024,01,M,30-44,Census 2022 basis,273243
2024-12-31,2024,01,M,45-64,Census 2022 basis,419419
2024-12-31,2024,01,M,65-74,Census 2022 basis,164067
2024-12-31,2024,01,M,75-84,Census 2022 basis,109036
2024-12-31,2024,01,M,85-89,Census 2022 basis,32203
2024-12-31,2024,01,M,90+,Census 2022 basis,9255
2024-12-31,2024,02,F,0-17,Census 2022 basis,152600
2024-12-31,2024,02,F,18-29,Census 2022 basis,145835
2024-12-31,2024,02,F,30-44,Census 2022 basis,215681
2024-12-31,2024,02,F,45-64,Census 2022 basis,244328
2024-12-31,2024,02,F,65-74,Census 2022 basis,86604
2024-12-31,2024,02,F,75-84,Census 2022 basis,67876
2024-12-31,2024,02,F,85-89,Census 2022 basis,25492
2024-12-31,2024,02,F,90+,Census 2022 basis,12261
2024-12-31,2024,02,M,0-17,Census 2022 basis,163638
2024-12-31,2024,02,M,18-29,Census 2022 basis,145589
2024-12-31,2024,02,M,30-44,Census 2022 basis,216188
2024-12-31,2024,02,M,45-64,Census 2022 basis,242614
2024-12-31,2024,02,M,65-74,Census 2022 basis,73855
2024-12-31,2024,02,M,75-84,Census 2022 basis,50514
2024-12-31,2024,02,M,85-89,Census 2022 basis,14767
2024-12-31,2024,02,M,90+,Census 2022 basis,4723
2024-12-31,2024,03,F,0-17,Census 2022 basis,655214
2024-12-31,2024,03,F,18-29,Census 2022 basis,496845
2024-12-31,2024,03,F,30-44,Census 2022 basis,729653
2024-12-31,2024,03,F,45-64,Census 2022 basis,1143807
2024-12-31,2024,03,F,65-74,Census 2022 basis,496720
2024-12-31,2024,03,F,75-84,Census 2022 basis,340191
2024-12-31,2024,03,F,85-89,Census 2022 basis,130617
2024-12-31,2024,03,F,90+,Census 2022 basis,59741
2024-12-31,2024,03,M,0-17,Census 2022 basis,693303
2024-12-31,2024,03,M,18-29,Census 2022 basis,544788
2024-12-31,2024,03,M,30-44,Census 2022 basis,761160
2024-12-31,2024,03,M,45-64,Census 2022 basis,1122485
2024-12-31,2024,03,M,65-74,Census 2022 basis,454035
2024-12-31,2024,03,M,75-84,Census 2022 basis,271543
2024-12-31,2024,03,M,85-89,Census 2022 basis,80115
2024-12-31,2024,03,M,90+,Census 2022 basis,24272
2024-12-31,2024,04,F,0-17,Census 2022 basis,59276
2024-12-31,2024,04,F,18-29,Census 2022 basis,52755
2024-12-31,2024,04,F,30-44,Census 2022 basis,69658
2024-12-31,2024,04,F,45-64,Census 2022 basis,90853
2024-12-31,2024,04,F,65-74,Census 2022 basis,39388
2024-12-31,2024,04,F,75-84,Census 2022 basis,28736
2024-12-31,2024,04,F,85-89,Census 2022 basis,10734
2024-12-31,2024,04,F,90+,Census 2022 basis,4820
2024-12-31,2024,04,M,0-17,Census 2022 basis,62850
2024-12-31,2024,04,M,18-29,Census 2022 basis,58368
2024-12-31,2024,04,M,30-44,Census 2022 basis,74454
2024-12-31,2024,04,M,45-64,Census 2022 basis,89976
2024-12-31,2024,04,M,65-74,Census 2022 basis,33372
2024-12-31,2024,04,M,75-84,Census 2022 basis,21651
2024-12-31,2024,04,M,85-89,Census 2022 basis,6159
2024-12-31,2024,04,M,90+,Census 2022 basis,1831
2024-12-31,2024,05,F,0-17,Census 2022 basis,1487112
2024-12-31,2024,05,F,18-29,Census 2022 basis,1168800
2024-12-31,2024,05,F,30-44,Census 2022 basis,1727443
2024-12-31,2024,05,F,45-64,Census 2022 basis,2546807
2024-12-31,2024,05,F,65-74,Census 2022 basis,1087513
2024-12-31,2024,05,F,75-84,Census 2022 basis,726726
2024-12-31,2024,05,F,85-89,Census 2022 basis,282227
2024-12-31,2024,05,F,90+,Census 2022 basis,135362
2024-12-31,2024,05,M,0-17,Census 2022 basis,1576394
2024-12-31,2024,05,M,18-29,Census 2022 basis,1269000
2024-12-31,2024,05,M,30-44,Census 2022 basis,1784297
2024-12-31,2024,05,M,45-64,Census 2022 basis,2498338
2024-12-31,2024,05,M,65-74,Census 2022 basis,970901
2024-12-31,2024,05,M,75-84,Census 2022 basis,551680
2024-12-31,2024,05,M,85-89,Census 2022 basis,166756
2024-12-31,2024,05,M,90+,Census 2022 basis,55098
2024-12-31,2024,06,F,0-17,Census 2022 basis,520696
2024-12-31,2024,06,F,18-29,Census 2022 basis,407395
2024-12-31,2024,06,F,30-44,Census 2022 basis,612518
2024-12-31,2024,06,F,45-64,Census 2022 basis,887389
2024-12-31,2024,06,F,65-74,Census 2022 basis,365400
2024-12-31,2024,06,F,75-84,Census 2022 basis,253476
2024-12-31,2024,06,F,85-89,Census 2022 basis,92554
2024-12-31,2024,06,F,90+,Census 2022 basis,42463
2024-12-31,2024,06,M,0-17,Census 2022 basis,546869
2024-12-31,2024,06,M,18-29,Census 2022 basis,446440
2024-12-31,2024,06,M,30-44,Census 2022 basis,626830
2024-12-31,2024,06,M,45-64,Census 2022 basis,872434
2024-12-31,2024,06,M,65-74,Census 2022 basis,330309
2024-12-31,2024,06,M,75-84,Census 2022 basis,200064
2024-12-31,2024,06,M,85-89,Census 2022 basis,57434
2024-12-31,2024,06,M,90+,Census 2022 basis,18522
2024-12-31,2024,07,F,0-17,Census 2022 basis,336420
2024-12-31,2024,07,F,18-29,Census 2022 basis,248135
2024-12-31,2024,07,F,30-44,Census 2022 basis,384820
2024-12-31,2024,07,F,45-64,Census 2022 basis,587230
2024-12-31,2024,07,F,65-74,Census 2022 basis,268063
2024-12-31,2024,07,F,75-84,Census 2022 basis,165825
2024-12-31,2024,07,F,85-89,Census 2022 basis,64176
2024-12-31,2024,07,F,90+,Census 2022 basis,30505
2024-12-31,2024,07,M,0-17,Census 2022 basis,355256
2024-12-31,2024,07,M,18-29,Census 2022 basis,275105
2024-12-31,2024,07,M,30-44,Census 2022 basis,402881
2024-12-31,2024,07,M,45-64,Census 2022 basis,578493
2024-12-31,2024,07,M,65-74,Census 2022 basis,248523
2024-12-31,2024,07,M,75-84,Census 2022 basis,131568
2024-12-31,2024,07,M,85-89,Census 2022 basis,39597
2024-12-31,2024,07,M,90+,Census 2022 basis,12972
2024-12-31,2024,08,F,0-17,Census 2022 basis,947910
2024-12-31,2024,08,F,18-29,Census 2022 basis,740841
2024-12-31,2024,08,F,30-44,Census 2022 basis,1087895
2024-12-31,2024,08,F,45-64,Census 2022 basis,1551086
2024-12-31,2024,08,F,65-74,Census 2022 basis,650573
2024-12-31,2024,08,F,75-84,Census 2022 basis,439814
2024-12-31,2024,08,F,85-89,Census 2022 basis,170068
2024-12-31,2024,08,F,90+,Census 2022 basis,78213
2024-12-31,2024,08,M,0-17,Census 2022 basis,997357
2024-12-31,2024,08,M,18-29,Census 2022 basis,821598
2024-12-31,2024,08,M,30-44,Census 2022 basis,1139425
2024-12-31,2024,08,M,45-64,Census 2022 basis,1538544
2024-12-31,2024,08,M,65-74,Census 2022 basis,589807
2024-12-31,2024,08,M,75-84,Census 2022 basis,348206
2024-12-31,2024,08,M,85-89,Census 2022 basis,108259
2024-12-31,2024,08,M,90+,Census 2022 basis,36302
2024-12-31,2024,09,F,0-17,Census 2022 basis,1086631
2024-12-31,2024,09,F,18-29,Census 2022 basis,844960
2024-12-31,2024,09,F,30-44,Census 2022 basis,1299362
2024-12-31,2024,09,F,45-64,Census 2022 basis,1862480
2024-12-31,2024,09,F,65-74,Census 2022 basis,768759
2024-12-31,2024,09,F,75-84,Census 2022 basis,532677
2024-12-31,2024,09,F,85-89,Census 2022 basis,195390
2024-12-31,2024,09,F,90+,Census 2022 basis,87891
2024-12-31,2024,09,M,0-17,Census 2022 basis,1148662
2024-12-31,2024,09,M,18-29,Census 2022 basis,940747
2024-12-31,2024,09,M,30-44,Census 2022 basis,1359964
2024-12-31,2024,09,M,45-64,Census 2022 basis,1847302
2024-12-31,2024,09,M,65-74,Census 2022 basis,695921
2024-12-31,2024,09,M,75-84,Census 2022 basis,419451
2024-12-31,2024,09,M,85-89,Census 2022 basis,121232
2024-12-31,2024,09,M,90+,Census 2022 basis,37499
2024-12-31,2024,10,F,0-17,Census 2022 basis,75535
2024-12-31,2024,10,F,18-29,Census 2022 basis,58910
2024-12-31,2024,10,F,30-44,Census 2022 basis,92386
2024-12-31,2024,10,F,45-64,Census 2022 basis,143941
2024-12-31,2024,10,F,65-74,Census 2022 basis,72440
2024-12-31,2024,10,F,75-84,Census 2022 basis,43951
2024-12-31,2024,10,F,85-89,Census 2022 basis,18048
2024-12-31,2024,10,F,90+,Census 2022 basis,8286
2024-12-31,2024,10,M,0-17,Census 2022 basis,80625
2024-12-31,2024,10,M,18-29,Census 2022 basis,65562
2024-12-31,2024,10,M,30-44,Census 2022 basis,97993
2024-12-31,2024,10,M,45-64,Census 2022 basis,140001
2024-12-31,2024,10,M,65-74,Census 2022 basis,66829
2024-12-31,2024,10,M,75-84,Census 2022 basis,33954
2024-12-31,2024,10,M,85-89,Census 2022 basis,10348
2024-12-31,2024,10,M,90+,Census 2022 basis,3332
2024-12-31,2024,11,F,0-17,Census 2022 basis,296858
2024-12-31,2024,11,F,18-29,Census 2022 basis,270516
2024-12-31,2024,11,F,30-44,Census 2022 basis,440113
2024-12-31,2024,11,F,45-64,Census 2022 basis,464257
2024-12-31,2024,11,F,65-74,Census 2022 basis,184348
2024-12-31,2024,11,F,75-84,Census 2022 basis,143623
2024-12-31,2024,11,F,85-89,Census 2022 basis,51921
2024-12-31,2024,11,F,90+,Census 2022 basis,23370
2024-12-31,2024,11,M,0-17,Census 2022 basis,312741
2024-12-31,2024,11,M,18-29,Census 2022 basis,275814
2024-12-31,2024,11,M,30-44,Census 2022 basis,450973
2024-12-31,2024,11,M,45-64,Census 2022 basis,466575
2024-12-31,2024,11,M,65-74,Census 2022 basis,159208
2024-12-31,2024,11,M,75-84,Census 2022 basis,105184
2024-12-31,2024,11,M,85-89,Census 2022 basis,30191
2024-12-31,2024,11,M,90+,Census 2022 basis,9573
2024-12-31,2024,12,F,0-17,Census 2022 basis,200303
2024-12-31,2024,12,F,18-29,Census 2022 basis,113642
2024-12-31,2024,12,F,30-44,Census 2022 basis,229127
2024-12-31,2024,12,F,45-64,Census 2022 basis,376615
2024-12-31,2024,12,F,65-74,Census 2022 basis,188820
2024-12-31,2024,12,F,75-84,Census 2022 basis,118413
2024-12-31,2024,12,F,85-89,Census 2022 basis,49691
2024-12-31,2024,12,F,90+,Census 2022 basis,21358
2024-12-31,2024,12,M,0-17,Census 2022 basis,210794
2024-12-31,2024,12,M,18-29,Census 2022 basis,132109
2024-12-31,2024,12,M,30-44,Census 2022 basis,234743
2024-12-31,2024,12,M,45-64,Census 2022 basis,382011
2024-12-31,2024,12,M,65-74,Census 2022 basis,172805
2024-12-31,2024,12,M,75-84,Census 2022 basis,88855
2024-12-31,2024,12,M,85-89,Census 2022 basis,28645
2024-12-31,2024,12,M,90+,Census 2022 basis,8816
2024-12-31,2024,13,F,0-17,Census 2022 basis,117191
2024-12-31,2024,13,F,18-29,Census 2022 basis,76047
2024-12-31,2024,13,F,30-44,Census 2022 basis,135945
2024-12-31,2024,13,F,45-64,Census 2022 basis,225784
2024-12-31,2024,13,F,65-74,Census 2022 basis,129066
2024-12-31,2024,13,F,75-84,Census 2022 basis,73576
2024-12-31,2024,13,F,85-89,Census 2022 basis,31666
2024-12-31,2024,13,F,90+,Census 2022 basis,14002
2024-12-31,2024,13,M,0-17,Census 2022 basis,122750
2024-12-31,2024,13,M,18-29,Census 2022 basis,82929
2024-12-31,2024,13,M,30-44,Census 2022 basis,142125
2024-12-31,2024,13,M,45-64,Census 2022 basis,229499
2024-12-31,2024,13,M,65-74,Census 2022 basis,115855
2024-12-31,2024,13,M,75-84,Census 2022 basis,54667
2024-12-31,2024,13,M,85-89,Census 2022 basis,17153
2024-12-31,2024,13,M,90+,Census 2022 basis,5342
2024-12-31,2024,14,F,0-17,Census 2022 basis,313135
2024-12-31,2024,14,F,18-29,Census 2022 basis,217919
2024-12-31,2024,14,F,30-44,Census 2022 basis,361637
2024-12-31,2024,14,F,45-64,Census 2022 basis,531483
2024-12-31,2024,14,F,65-74,Census 2022 basis,292417
2024-12-31,2024,14,F,75-84,Census 2022 basis,211646
2024-12-31,2024,14,F,85-89,Census 2022 basis,84008
2024-12-31,2024,14,F,90+,Census 2022 basis,39170
2024-12-31,2024,14,M,0-17,Census 2022 basis,331850
2024-12-31,2024,14,M,18-29,Census 2022 basis,241036
2024-12-31,2024,14,M,30-44,Census 2022 basis,390471
2024-12-31,2024,14,M,45-64,Census 2022 basis,557124
2024-12-31,2024,14,M,65-74,Census 2022 basis,253515
2024-12-31,2024,14,M,75-84,Census 2022 basis,152403
2024-12-31,2024,14,M,85-89,Census 2022 basis,49086
2024-12-31,2024,14,M,90+,Census 2022 basis,15522
2024-12-31,2024,15,F,0-17,Census 2022 basis,153482
2024-12-31,2024,15,F,18-29,Census 2022 basis,103177
2024-12-31,2024,15,F,30-44,Census 2022 basis,180268
2024-12-31,2024,15,F,45-64,Census 2022 basis,301754
2024-12-31,2024,15,F,65-74,Census 2022 basis,169622
2024-12-31,2024,15,F,75-84,Census 2022 basis,115008
2024-12-31,2024,15,F,85-89,Census 2022 basis,44114
2024-12-31,2024,15,F,90+,Census 2022 basis,19518
2024-12-31,2024,15,M,0-17,Census 2022 basis,165812
2024-12-31,2024,15,M,18-29,Census 2022 basis,120240
2024-12-31,2024,15,M,30-44,Census 2022 basis,194324
2024-12-31,2024,15,M,45-64,Census 2022 basis,308869
2024-12-31,2024,15,M,65-74,Census 2022 basis,147028
2024-12-31,2024,15,M,75-84,Census 2022 basis,81538
2024-12-31,2024,15,M,85-89,Census 2022 basis,24014
2024-12-31,2024,15,M,90+,Census 2022 basis,6829
2024-12-31,2024,16,F,0-17,Census 2022 basis,156313
2024-12-31,2024,16,F,18-29,Census 2022 basis,103756
2024-12-31,2024,16,F,30-44,Census 2022 basis,177141
2024-12-31,2024,16,F,45-64,Census 2022 basis,292614
2024-12-31,2024,16,F,65-74,Census 2022 basis,164768
2024-12-31,2024,16,F,75-84,Census 2022 basis,108827
2024-12-31,2024,16,F,85-89,Census 2022 basis,41535
2024-12-31,2024,16,F,90+,Census 2022 basis,17473
2024-12-31,2024,16,M,0-17,Census 2022 basis,165030
2024-12-31,2024,16,M,18-29,Census 2022 basis,120294
2024-12-31,2024,16,M,30-44,Census 2022 basis,193448
2024-12-31,2024,16,M,45-64,Census 2022 basis,302677
2024-12-31,2024,16,M,65-74,Census 2022 basis,146188
2024-12-31,2024,16,M,75-84,Census 2022 basis,79887
2024-12-31,2024,16,M,85-89,Census 2022 basis,23669
2024-12-31,2024,16,M,90+,Census 2022 basis,6657
2025-12-31,2025,01,F,0-17,Census 2022 basis,232883
2025-12-31,2025,01,F,18-29,Census 2022 basis,175926
2025-12-31,2025,01,F,30-44,Census 2022 basis,268277
2025-12-31,2025,01,F,45-64,Census 2022 basis,433682
2025-12-31,2025,01,F,65-74,Census 2022 basis,187843
2025-12-31,2025,01,F,75-84,Census 2022 basis,135449
2025-12-31,2025,01,F,85-89,Census 2022 basis,53351
2025-12-31,2025,01,F,90+,Census 2022 basis,23731
2025-12-31,2025,01,M,0-17,Census 2022 basis,245390
2025-12-31,2025,01,M,18-29,Census 2022 basis,193414
2025-12-31,2025,01,M,30-44,Census 2022 basis,273958
2025-12-31,2025,01,M,45-64,Census 2022 basis,415238
2025-12-31,2025,01,M,65-74,Census 2022 basis,167629
2025-12-31,2025,01,M,75-84,Census 2022 basis,107231
2025-12-31,2025,01,M,85-89,Census 2022 basis,34079
2025-12-31,2025,01,M,90+,Census 2022 basis,10438
2025-12-31,2025,02,F,0-17,Census 2022 basis,152255
2025-12-31,2025,02,F,18-29,Census 2022 basis,147166
2025-12-31,2025,02,F,30-44,Census 2022 basis,215306
2025-12-31,2025,02,F,45-64,Census 2022 basis,245304
2025-12-31,2025,02,F,65-74,Census 2022 basis,88132
2025-12-31,2025,02,F,75-84,Census 2022 basis,66153
2025-12-31,2025,02,F,85-89,Census 2022 basis,26377
2025-12-31,2025,02,F,90+,Census 2022 basis,13064
2025-12-31,2025,02,M,0-17,Census 2022 basis,162569
2025-12-31,2025,02,M,18-29,Census 2022 basis,147427
2025-12-31,2025,02,M,30-44,Census 2022 basis,216959
2025-12-31,2025,02,M,45-64,Census 2022 basis,242877
2025-12-31,2025,02,M,65-74,Census 2022 basis,75913
2025-12-31,2025,02,M,75-84,Census 2022 basis,49321
2025-12-31,2025,02,M,85-89,Census 2022 basis,15471
2025-12-31,2025,02,M,90+,Census 2022 basis,5179
2025-12-31,2025,03,F,0-17,Census 2022 basis,652654
2025-12-31,2025,03,F,18-29,Census 2022 basis,495280
2025-12-31,2025,03,F,30-44,Census 2022 basis,728562
2025-12-31,2025,03,F,45-64,Census 2022 basis,1131165
2025-12-31,2025,03,F,65-74,Census 2022 basis,507732
2025-12-31,2025,03,F,75-84,Census 2022 basis,335582
2025-12-31,2025,03,F,85-89,Census 2022 basis,135743
2025-12-31,2025,03,F,90+,Census 2022 basis,63367
2025-12-31,2025,03,M,0-17,Census 2022 basis,689764
2025-12-31,2025,03,M,18-29,Census 2022 basis,544351
2025-12-31,2025,03,M,30-44,Census 2022 basis,764298
2025-12-31,2025,03,M,45-64,Census 2022 basis,1107692
2025-12-31,2025,03,M,65-74,Census 2022 basis,463183
2025-12-31,2025,03,M,75-84,Census 2022 basis,270623
2025-12-31,2025,03,M,85-89,Census 2022 basis,84162
2025-12-31,2025,03,M,90+,Census 2022 basis,26668
2025-12-31,2025,04,F,0-17,Census 2022 basis,58955
2025-12-31,2025,04,F,18-29,Census 2022 basis,53244
2025-12-31,2025,04,F,30-44,Census 2022 basis,70030
2025-12-31,2025,04,F,45-64,Census 2022 basis,90268
2025-12-31,2025,04,F,65-74,Census 2022 basis,39934
2025-12-31,2025,04,F,75-84,Census 2022 basis,28263
2025-12-31,2025,04,F,85-89,Census 2022 basis,10976
2025-12-31,2025,04,F,90+,Census 2022 basis,5153
2025-12-31,2025,04,M,0-17,Census 2022 basis,62400
2025-12-31,2025,04,M,18-29,Census 2022 basis,59213
2025-12-31,2025,04,M,30-44,Census 2022 basis,75233
2025-12-31,2025,04,M,45-64,Census 2022 basis,89567
2025-12-31,2025,04,M,65-74,Census 2022 basis,33800
2025-12-31,2025,04,M,75-84,Census 2022 basis,21304
2025-12-31,2025,04,M,85-89,Census 2022 basis,6515
2025-12-31,2025,04,M,90+,Census 2022 basis,2060
2025-12-31,2025,05,F,0-17,Census 2022 basis,1478239
2025-12-31,2025,05,F,18-29,Census 2022 basis,1163025
2025-12-31,2025,05,F,30-44,Census 2022 basis,1721641
2025-12-31,2025,05,F,45-64,Census 2022 basis,2514463
2025-12-31,2025,05,F,65-74,Census 2022 basis,1111547
2025-12-31,2025,05,F,75-84,Census 2022 basis,714975
2025-12-31,2025,05,F,85-89,Census 2022 basis,291203
2025-12-31,2025,05,F,90+,Census 2022 basis,142323
2025-12-31,2025,05,M,0-17,Census 2022 basis,1565877
2025-12-31,2025,05,M,18-29,Census 2022 basis,1261194
2025-12-31,2025,05,M,30-44,Census 2022 basis,1782797
2025-12-31,2025,05,M,45-64,Census 2022 basis,2461496
2025-12-31,2025,05,M,65-74,Census 2022 basis,995451
2025-12-31,2025,05,M,75-84,Census 2022 basis,548326
2025-12-31,2025,05,M,85-89,Census 2022 basis,174056
2025-12-31,2025,05,M,90+,Census 2022 basis,59601
2025-12-31,2025,06,F,0-17,Census 2022 basis,517844
2025-12-31,2025,06,F,18-29,Census 2022 basis,407764
2025-12-31,2025,06,F,30-44,Census 2022 basis,609285
2025-12-31,2025,06,F,45-64,Census 2022 basis,880727
2025-12-31,2025,06,F,65-74,Census 2022 basis,371863
2025-12-31,2025,06,F,75-84,Census 2022 basis,251090
2025-12-31,2025,06,F,85-89,Census 2022 basis,96833
2025-12-31,2025,06,F,90+,Census 2022 basis,45033
2025-12-31,2025,06,M,0-17,Census 2022 basis,543191
2025-12-31,2025,06,M,18-29,Census 2022 basis,446409
2025-12-31,2025,06,M,30-44,Census 2022 basis,627283
2025-12-31,2025,06,M,45-64,Census 2022 basis,863286
2025-12-31,2025,06,M,65-74,Census 2022 basis,337169
2025-12-31,2025,06,M,75-84,Census 2022 basis,199762
2025-12-31,2025,06,M,85-89,Census 2022 basis,60929
2025-12-31,2025,06,M,90+,Census 2022 basis,20126
2025-12-31,2025,07,F,0-17,Census 2022 basis,335597
2025-12-31,2025,07,F,18-29,Census 2022 basis,246768
2025-12-31,2025,07,F,30-44,Census 2022 basis,383263
2025-12-31,2025,07,F,45-64,Census 2022 basis,578767
2025-12-31,2025,07,F,65-74,Census 2022 basis,273635
2025-12-31,2025,07,F,75-84,Census 2022 basis,165366
2025-12-31,2025,07,F,85-89,Census 2022 basis,66776
2025-12-31,2025,07,F,90+,Census 2022 basis,32057
2025-12-31,2025,07,M,0-17,Census 2022 basis,353886
2025-12-31,2025,07,M,18-29,Census 2022 basis,272931
2025-12-31,2025,07,M,30-44,Census 2022 basis,402980
2025-12-31,2025,07,M,45-64,Census 2022 basis,569025
2025-12-31,2025,07,M,65-74,Census 2022 basis,253076
2025-12-31,2025,07,M,75-84,Census 2022 basis,133659
2025-12-31,2025,07,M,85-89,Census 2022 basis,41165
2025-12-31,2025,07,M,90+,Census 2022 basis,14071
2025-12-31,2025,08,F,0-17,Census 2022 basis,942984
2025-12-31,2025,08,F,18-29,Census 2022 basis,737508
2025-12-31,2025,08,F,30-44,Census 2022 basis,1083852
2025-12-31,2025,08,F,45-64,Census 2022 basis,1536736
2025-12-31,2025,08,F,65-74,Census 2022 basis,667109
2025-12-31,2025,08,F,75-84,Census 2022 basis,435504
2025-12-31,2025,08,F,85-89,Census 2022 basis,177933
2025-12-31,2025,08,F,90+,Census 2022 basis,83591
2025-12-31,2025,08,M,0-17,Census 2022 basis,992200
2025-12-31,2025,08,M,18-29,Census 2022 basis,813596
2025-12-31,2025,08,M,30-44,Census 2022 basis,1137450
2025-12-31,2025,08,M,45-64,Census 2022 basis,1522549
2025-12-31,2025,08,M,65-74,Census 2022 basis,607002
2025-12-31,2025,08,M,75-84,Census 2022 basis,347081
2025-12-31,2025,08,M,85-89,Census 2022 basis,113705
2025-12-31,2025,08,M,90+,Census 2022 basis,39961
2025-12-31,2025,09,F,0-17,Census 2022 basis,1082546
2025-12-31,2025,09,F,18-29,Census 2022 basis,842196
2025-12-31,2025,09,F,30-44,Census 2022 basis,1293654
2025-12-31,2025,09,F,45-64,Census 2022 basis,1847758
2025-12-31,2025,09,F,65-74,Census 2022 basis,787822
2025-12-31,2025,09,F,75-84,Census 2022 basis,525984
2025-12-31,2025,09,F,85-89,Census 2022 basis,206528
2025-12-31,2025,09,F,90+,Census 2022 basis,92924
2025-12-31,2025,09,M,0-17,Census 2022 basis,1143720
2025-12-31,2025,09,M,18-29,Census 2022 basis,936124
2025-12-31,2025,09,M,30-44,Census 2022 basis,1355880
2025-12-31,2025,09,M,45-64,Census 2022 basis,1828165
2025-12-31,2025,09,M,65-74,Census 2022 basis,715036
2025-12-31,2025,09,M,75-84,Census 2022 basis,416853
2025-12-31,2025,09,M,85-89,Census 2022 basis,129548
2025-12-31,2025,09,M,90+,Census 2022 basis,40765
2025-12-31,2025,10,F,0-17,Census 2022 basis,75193
2025-12-31,2025,10,F,18-29,Census 2022 basis,58464
2025-12-31,2025,10,F,30-44,Census 2022 basis,91873
2025-12-31,2025,10,F,45-64,Census 2022 basis,141031
2025-12-31,2025,10,F,65-74,Census 2022 basis,73635
2025-12-31,2025,10,F,75-84,Census 2022 basis,43732
2025-12-31,2025,10,F,85-89,Census 2022 basis,18383
2025-12-31,2025,10,F,90+,Census 2022 basis,8639
2025-12-31,2025,10,M,0-17,Census 2022 basis,80196
2025-12-31,2025,10,M,18-29,Census 2022 basis,64880
2025-12-31,2025,10,M,30-44,Census 2022 basis,97563
2025-12-31,2025,10,M,45-64,Census 2022 basis,137196
2025-12-31,2025,10,M,65-74,Census 2022 basis,67789
2025-12-31,2025,10,M,75-84,Census 2022 basis,34588
2025-12-31,2025,10,M,85-89,Census 2022 basis,10560
2025-12-31,2025,10,M,90+,Census 2022 basis,3620
2025-12-31,2025,11,F,0-17,Census 2022 basis,295115
2025-12-31,2025,11,F,18-29,Census 2022 basis,274932
2025-12-31,2025,11,F,30-44,Census 2022 basis,440365
2025-12-31,2025,11,F,45-64,Census 2022 basis,464370
2025-12-31,2025,11,F,65-74,Census 2022 basis,185173
2025-12-31,2025,11,F,75-84,Census 2022 basis,141698
2025-12-31,2025,11,F,85-89,Census 2022 basis,54337
2025-12-31,2025,11,F,90+,Census 2022 basis,25522
2025-12-31,2025,11,M,0-17,Census 2022 basis,309851
2025-12-31,2025,11,M,18-29,Census 2022 basis,283327
2025-12-31,2025,11,M,30-44,Census 2022 basis,451667
2025-12-31,2025,11,M,45-64,Census 2022 basis,465611
2025-12-31,2025,11,M,65-74,Census 2022 basis,162347
2025-12-31,2025,11,M,75-84,Census 2022 basis,103352
2025-12-31,2025,11,M,85-89,Census 2022 basis,32048
2025-12-31,2025,11,M,90+,Census 2022 basis,10862
2025-12-31,2025,12,F,0-17,Census 2022 basis,197823
2025-12-31,2025,12,F,18-29,Census 2022 basis,117315
2025-12-31,2025,12,F,30-44,Census 2022 basis,223365
2025-12-31,2025,12,F,45-64,Census 2022 basis,371535
2025-12-31,2025,12,F,65-74,Census 2022 basis,193531
2025-12-31,2025,12,F,75-84,Census 2022 basis,116536
2025-12-31,2025,12,F,85-89,Census 2022 basis,52126
2025-12-31,2025,12,F,90+,Census 2022 basis,23462
2025-12-31,2025,12,M,0-17,Census 2022 basis,208266
2025-12-31,2025,12,M,18-29,Census 2022 basis,136163
2025-12-31,2025,12,M,30-44,Census 2022 basis,228233
2025-12-31,2025,12,M,45-64,Census 2022 basis,377676
2025-12-31,2025,12,M,65-74,Census 2022 basis,176882
2025-12-31,2025,12,M,75-84,Census 2022 basis,88538
2025-12-31,2025,12,M,85-89,Census 2022 basis,30607
2025-12-31,2025,12,M,90+,Census 2022 basis,9831
2025-12-31,2025,13,F,0-17,Census 2022 basis,115707
2025-12-31,2025,13,F,18-29,Census 2022 basis,78464
2025-12-31,2025,13,F,30-44,Census 2022 basis,132511
2025-12-31,2025,13,F,45-64,Census 2022 basis,222878
2025-12-31,2025,13,F,65-74,Census 2022 basis,132588
2025-12-31,2025,13,F,75-84,Census 2022 basis,73384
2025-12-31,2025,13,F,85-89,Census 2022 basis,32882
2025-12-31,2025,13,F,90+,Census 2022 basis,15081
2025-12-31,2025,13,M,0-17,Census 2022 basis,120898
2025-12-31,2025,13,M,18-29,Census 2022 basis,85937
2025-12-31,2025,13,M,30-44,Census 2022 basis,137991
2025-12-31,2025,13,M,45-64,Census 2022 basis,226832
2025-12-31,2025,13,M,65-74,Census 2022 basis,118613
2025-12-31,2025,13,M,75-84,Census 2022 basis,55761
2025-12-31,2025,13,M,85-89,Census 2022 basis,18179
2025-12-31,2025,13,M,90+,Census 2022 basis,5979
2025-12-31,2025,14,F,0-17,Census 2022 basis,307652
2025-12-31,2025,14,F,18-29,Census 2022 basis,224777
2025-12-31,2025,14,F,30-44,Census 2022 basis,352487
2025-12-31,2025,14,F,45-64,Census 2022 basis,526760
2025-12-31,2025,14,F,65-74,Census 2022 basis,292287
2025-12-31,2025,14,F,75-84,Census 2022 basis,209575
2025-12-31,2025,14,F,85-89,Census 2022 basis,88387
2025-12-31,2025,14,F,90+,Census 2022 basis,41723
2025-12-31,2025,14,M,0-17,Census 2022 basis,325472
2025-12-31,2025,14,M,18-29,Census 2022 basis,248371
2025-12-31,2025,14,M,30-44,Census 2022 basis,379322
2025-12-31,2025,14,M,45-64,Census 2022 basis,554073
2025-12-31,2025,14,M,65-74,Census 2022 basis,253911
2025-12-31,2025,14,M,75-84,Census 2022 basis,151913
2025-12-31,2025,14,M,85-89,Census 2022 basis,52373
2025-12-31,2025,14,M,90+,Census 2022 basis,17516
2025-12-31,2025,15,F,0-17,Census 2022 basis,150782
2025-12-31,2025,15,F,18-29,Census 2022 basis,106145
2025-12-31,2025,15,F,30-44,Census 2022 basis,175223
2025-12-31,2025,15,F,45-64,Census 2022 basis,295901
2025-12-31,2025,15,F,65-74,Census 2022 basis,170705
2025-12-31,2025,15,F,75-84,Census 2022 basis,113180
2025-12-31,2025,15,F,85-89,Census 2022 basis,46115
2025-12-31,2025,15,F,90+,Census 2022 basis,20849
2025-12-31,2025,15,M,0-17,Census 2022 basis,162832
2025-12-31,2025,15,M,18-29,Census 2022 basis,123954
2025-12-31,2025,15,M,30-44,Census 2022 basis,188650
2025-12-31,2025,15,M,45-64,Census 2022 basis,303313
2025-12-31,2025,15,M,65-74,Census 2022 basis,148293
2025-12-31,2025,15,M,75-84,Census 2022 basis,81155
2025-12-31,2025,15,M,85-89,Census 2022 basis,25637
2025-12-31,2025,15,M,90+,Census 2022 basis,7518
2025-12-31,2025,16,F,0-17,Census 2022 basis,152423
2025-12-31,2025,16,F,18-29,Census 2022 basis,105412
2025-12-31,2025,16,F,30-44,Census 2022 basis,171026
2025-12-31,2025,16,F,45-64,Census 2022 basis,287224
2025-12-31,2025,16,F,65-74,Census 2022 basis,165593
2025-12-31,2025,16,F,75-84,Census 2022 basis,107314
2025-12-31,2025,16,F,85-89,Census 2022 basis,44392
2025-12-31,2025,16,F,90+,Census 2022 basis,18693
2025-12-31,2025,16,M,0-17,Census 2022 basis,160800
2025-12-31,2025,16,M,18-29,Census 2022 basis,121626
2025-12-31,2025,16,M,30-44,Census 2022 basis,186121
2025-12-31,2025,16,M,45-64,Census 2022 basis,298197
2025-12-31,2025,16,M,65-74,Census 2022 basis,147398
2025-12-31,2025,16,M,75-84,Census 2022 basis,79811
2025-12-31,2025,16,M,85-89,Census 2022 basis,25528
2025-12-31,2025,16,M,90+,Census 2022 basis,7388
